"Station","Commune","Typologie","Lat","Lon","Heure_Ref","Echeance_H","Heure_Prediction","Date_Prevue","Pred_PM25","Risque_Max","Statut"
"Albi Urbain","ALBI","Urbaine",43.9281,2.14611,2026-01-06 13:00:00,1,"14:00",2026-01-06 14:00:00,17.42,22.08,"Normal"
"Albi Urbain","ALBI","Urbaine",43.9281,2.14611,2026-01-06 13:00:00,2,"15:00",2026-01-06 15:00:00,16.52,21.56,"Normal"
"Albi Urbain","ALBI","Urbaine",43.9281,2.14611,2026-01-06 13:00:00,3,"16:00",2026-01-06 16:00:00,16.25,21.63,"Normal"
"Albi Urbain","ALBI","Urbaine",43.9281,2.14611,2026-01-06 13:00:00,4,"17:00",2026-01-06 17:00:00,17.52,23.23,"Normal"
"Albi Urbain","ALBI","Urbaine",43.9281,2.14611,2026-01-06 13:00:00,5,"18:00",2026-01-06 18:00:00,19.16,25.18,"ALERTE RISQUE"
"Albi Urbain","ALBI","Urbaine",43.9281,2.14611,2026-01-06 13:00:00,6,"19:00",2026-01-06 19:00:00,21.01,27.32,"ALERTE RISQUE"
"Albi Urbain","ALBI","Urbaine",43.9281,2.14611,2026-01-06 13:00:00,7,"20:00",2026-01-06 20:00:00,22.68,29.27,"ALERTE RISQUE"
"Albi Urbain","ALBI","Urbaine",43.9281,2.14611,2026-01-06 13:00:00,8,"21:00",2026-01-06 21:00:00,23.19,30.05,"ALERTE RISQUE"
"Albi Urbain","ALBI","Urbaine",43.9281,2.14611,2026-01-06 13:00:00,9,"22:00",2026-01-06 22:00:00,23.09,30.2,"ALERTE RISQUE"
"Albi Urbain","ALBI","Urbaine",43.9281,2.14611,2026-01-06 13:00:00,10,"23:00",2026-01-06 23:00:00,20.63,27.99,"ALERTE RISQUE"
"Albi Urbain","ALBI","Urbaine",43.9281,2.14611,2026-01-06 13:00:00,11,"00:00",2026-01-07,18.75,26.35,"ALERTE RISQUE"
"Albi Urbain","ALBI","Urbaine",43.9281,2.14611,2026-01-06 13:00:00,12,"01:00",2026-01-07 01:00:00,17.05,24.88,"Normal"
"Albi Urbain","ALBI","Urbaine",43.9281,2.14611,2026-01-06 13:00:00,13,"02:00",2026-01-07 02:00:00,15.65,23.71,"Normal"
"Albi Urbain","ALBI","Urbaine",43.9281,2.14611,2026-01-06 13:00:00,14,"03:00",2026-01-07 03:00:00,14.3,22.58,"Normal"
"Albi Urbain","ALBI","Urbaine",43.9281,2.14611,2026-01-06 13:00:00,15,"04:00",2026-01-07 04:00:00,12.84,21.33,"Normal"
"Albi Urbain","ALBI","Urbaine",43.9281,2.14611,2026-01-06 13:00:00,16,"05:00",2026-01-07 05:00:00,11.91,20.61,"Normal"
"Albi Urbain","ALBI","Urbaine",43.9281,2.14611,2026-01-06 13:00:00,17,"06:00",2026-01-07 06:00:00,11.66,20.56,"Normal"
"Albi Urbain","ALBI","Urbaine",43.9281,2.14611,2026-01-06 13:00:00,18,"07:00",2026-01-07 07:00:00,11.62,20.71,"Normal"
"Albi Urbain","ALBI","Urbaine",43.9281,2.14611,2026-01-06 13:00:00,19,"08:00",2026-01-07 08:00:00,11.76,21.05,"Normal"
"Albi Urbain","ALBI","Urbaine",43.9281,2.14611,2026-01-06 13:00:00,20,"09:00",2026-01-07 09:00:00,12.13,21.61,"Normal"
"Albi Urbain","ALBI","Urbaine",43.9281,2.14611,2026-01-06 13:00:00,21,"10:00",2026-01-07 10:00:00,11.95,21.61,"Normal"
"Albi Urbain","ALBI","Urbaine",43.9281,2.14611,2026-01-06 13:00:00,22,"11:00",2026-01-07 11:00:00,11.55,21.4,"Normal"
"Albi Urbain","ALBI","Urbaine",43.9281,2.14611,2026-01-06 13:00:00,23,"12:00",2026-01-07 12:00:00,11.45,21.47,"Normal"
"Albi Urbain","ALBI","Urbaine",43.9281,2.14611,2026-01-06 13:00:00,24,"13:00",2026-01-07 13:00:00,10.8,21,"Normal"
"Biars sur Cere urbain","BIARS-SUR-CERE","Urbaine",44.926,1.85251,2026-01-06 13:00:00,1,"14:00",2026-01-06 14:00:00,25.7,36.32,"ALERTE RISQUE"
"Biars sur Cere urbain","BIARS-SUR-CERE","Urbaine",44.926,1.85251,2026-01-06 13:00:00,2,"15:00",2026-01-06 15:00:00,23.26,33.89,"ALERTE RISQUE"
"Biars sur Cere urbain","BIARS-SUR-CERE","Urbaine",44.926,1.85251,2026-01-06 13:00:00,3,"16:00",2026-01-06 16:00:00,23.69,34.33,"ALERTE RISQUE"
"Biars sur Cere urbain","BIARS-SUR-CERE","Urbaine",44.926,1.85251,2026-01-06 13:00:00,4,"17:00",2026-01-06 17:00:00,29.37,40.02,"ALERTE RISQUE"
"Biars sur Cere urbain","BIARS-SUR-CERE","Urbaine",44.926,1.85251,2026-01-06 13:00:00,5,"18:00",2026-01-06 18:00:00,29.58,40.24,"ALERTE RISQUE"
"Biars sur Cere urbain","BIARS-SUR-CERE","Urbaine",44.926,1.85251,2026-01-06 13:00:00,6,"19:00",2026-01-06 19:00:00,31.1,41.77,"ALERTE RISQUE"
"Biars sur Cere urbain","BIARS-SUR-CERE","Urbaine",44.926,1.85251,2026-01-06 13:00:00,7,"20:00",2026-01-06 20:00:00,29.43,40.11,"ALERTE RISQUE"
"Biars sur Cere urbain","BIARS-SUR-CERE","Urbaine",44.926,1.85251,2026-01-06 13:00:00,8,"21:00",2026-01-06 21:00:00,32.38,43.06,"ALERTE RISQUE"
"Biars sur Cere urbain","BIARS-SUR-CERE","Urbaine",44.926,1.85251,2026-01-06 13:00:00,9,"22:00",2026-01-06 22:00:00,30.77,41.46,"ALERTE RISQUE"
"Biars sur Cere urbain","BIARS-SUR-CERE","Urbaine",44.926,1.85251,2026-01-06 13:00:00,10,"23:00",2026-01-06 23:00:00,34.96,45.66,"ALERTE RISQUE"
"Biars sur Cere urbain","BIARS-SUR-CERE","Urbaine",44.926,1.85251,2026-01-06 13:00:00,11,"00:00",2026-01-07,34.37,45.08,"ALERTE RISQUE"
"Biars sur Cere urbain","BIARS-SUR-CERE","Urbaine",44.926,1.85251,2026-01-06 13:00:00,12,"01:00",2026-01-07 01:00:00,33.38,44.1,"ALERTE RISQUE"
"Biars sur Cere urbain","BIARS-SUR-CERE","Urbaine",44.926,1.85251,2026-01-06 13:00:00,13,"02:00",2026-01-07 02:00:00,28.22,38.95,"ALERTE RISQUE"
"Biars sur Cere urbain","BIARS-SUR-CERE","Urbaine",44.926,1.85251,2026-01-06 13:00:00,14,"03:00",2026-01-07 03:00:00,24.56,35.3,"ALERTE RISQUE"
"Biars sur Cere urbain","BIARS-SUR-CERE","Urbaine",44.926,1.85251,2026-01-06 13:00:00,15,"04:00",2026-01-07 04:00:00,21.71,32.46,"ALERTE RISQUE"
"Biars sur Cere urbain","BIARS-SUR-CERE","Urbaine",44.926,1.85251,2026-01-06 13:00:00,16,"05:00",2026-01-07 05:00:00,20.77,31.52,"ALERTE RISQUE"
"Biars sur Cere urbain","BIARS-SUR-CERE","Urbaine",44.926,1.85251,2026-01-06 13:00:00,17,"06:00",2026-01-07 06:00:00,22.15,32.92,"ALERTE RISQUE"
"Biars sur Cere urbain","BIARS-SUR-CERE","Urbaine",44.926,1.85251,2026-01-06 13:00:00,18,"07:00",2026-01-07 07:00:00,21.99,32.77,"ALERTE RISQUE"
"Biars sur Cere urbain","BIARS-SUR-CERE","Urbaine",44.926,1.85251,2026-01-06 13:00:00,19,"08:00",2026-01-07 08:00:00,21.78,32.57,"ALERTE RISQUE"
"Biars sur Cere urbain","BIARS-SUR-CERE","Urbaine",44.926,1.85251,2026-01-06 13:00:00,20,"09:00",2026-01-07 09:00:00,25.29,36.08,"ALERTE RISQUE"
"Biars sur Cere urbain","BIARS-SUR-CERE","Urbaine",44.926,1.85251,2026-01-06 13:00:00,21,"10:00",2026-01-07 10:00:00,24.8,35.61,"ALERTE RISQUE"
"Biars sur Cere urbain","BIARS-SUR-CERE","Urbaine",44.926,1.85251,2026-01-06 13:00:00,22,"11:00",2026-01-07 11:00:00,18.93,29.74,"ALERTE RISQUE"
"Biars sur Cere urbain","BIARS-SUR-CERE","Urbaine",44.926,1.85251,2026-01-06 13:00:00,23,"12:00",2026-01-07 12:00:00,16.23,27.05,"ALERTE RISQUE"
"Biars sur Cere urbain","BIARS-SUR-CERE","Urbaine",44.926,1.85251,2026-01-06 13:00:00,24,"13:00",2026-01-07 13:00:00,15.39,26.22,"ALERTE RISQUE"
"Castres-Travet Urbain","CASTRES","Urbaine",43.6106,2.23,2026-01-06 13:00:00,1,"14:00",2026-01-06 14:00:00,18.44,28.98,"ALERTE RISQUE"
"Castres-Travet Urbain","CASTRES","Urbaine",43.6106,2.23,2026-01-06 13:00:00,2,"15:00",2026-01-06 15:00:00,17.23,27.77,"ALERTE RISQUE"
"Castres-Travet Urbain","CASTRES","Urbaine",43.6106,2.23,2026-01-06 13:00:00,3,"16:00",2026-01-06 16:00:00,18.56,29.1,"ALERTE RISQUE"
"Castres-Travet Urbain","CASTRES","Urbaine",43.6106,2.23,2026-01-06 13:00:00,4,"17:00",2026-01-06 17:00:00,21.78,32.32,"ALERTE RISQUE"
"Castres-Travet Urbain","CASTRES","Urbaine",43.6106,2.23,2026-01-06 13:00:00,5,"18:00",2026-01-06 18:00:00,26.55,37.1,"ALERTE RISQUE"
"Castres-Travet Urbain","CASTRES","Urbaine",43.6106,2.23,2026-01-06 13:00:00,6,"19:00",2026-01-06 19:00:00,32.24,42.79,"ALERTE RISQUE"
"Castres-Travet Urbain","CASTRES","Urbaine",43.6106,2.23,2026-01-06 13:00:00,7,"20:00",2026-01-06 20:00:00,28.93,39.47,"ALERTE RISQUE"
"Castres-Travet Urbain","CASTRES","Urbaine",43.6106,2.23,2026-01-06 13:00:00,8,"21:00",2026-01-06 21:00:00,29.55,40.1,"ALERTE RISQUE"
"Castres-Travet Urbain","CASTRES","Urbaine",43.6106,2.23,2026-01-06 13:00:00,9,"22:00",2026-01-06 22:00:00,25.22,35.77,"ALERTE RISQUE"
"Castres-Travet Urbain","CASTRES","Urbaine",43.6106,2.23,2026-01-06 13:00:00,10,"23:00",2026-01-06 23:00:00,23.49,34.04,"ALERTE RISQUE"
"Castres-Travet Urbain","CASTRES","Urbaine",43.6106,2.23,2026-01-06 13:00:00,11,"00:00",2026-01-07,23.33,33.89,"ALERTE RISQUE"
"Castres-Travet Urbain","CASTRES","Urbaine",43.6106,2.23,2026-01-06 13:00:00,12,"01:00",2026-01-07 01:00:00,22.34,32.9,"ALERTE RISQUE"
"Castres-Travet Urbain","CASTRES","Urbaine",43.6106,2.23,2026-01-06 13:00:00,13,"02:00",2026-01-07 02:00:00,19.12,29.67,"ALERTE RISQUE"
"Castres-Travet Urbain","CASTRES","Urbaine",43.6106,2.23,2026-01-06 13:00:00,14,"03:00",2026-01-07 03:00:00,18.03,28.59,"ALERTE RISQUE"
"Castres-Travet Urbain","CASTRES","Urbaine",43.6106,2.23,2026-01-06 13:00:00,15,"04:00",2026-01-07 04:00:00,16.88,27.44,"ALERTE RISQUE"
"Castres-Travet Urbain","CASTRES","Urbaine",43.6106,2.23,2026-01-06 13:00:00,16,"05:00",2026-01-07 05:00:00,14.88,25.44,"ALERTE RISQUE"
"Castres-Travet Urbain","CASTRES","Urbaine",43.6106,2.23,2026-01-06 13:00:00,17,"06:00",2026-01-07 06:00:00,13.74,24.3,"Normal"
"Castres-Travet Urbain","CASTRES","Urbaine",43.6106,2.23,2026-01-06 13:00:00,18,"07:00",2026-01-07 07:00:00,13.55,24.11,"Normal"
"Castres-Travet Urbain","CASTRES","Urbaine",43.6106,2.23,2026-01-06 13:00:00,19,"08:00",2026-01-07 08:00:00,12.58,23.14,"Normal"
"Castres-Travet Urbain","CASTRES","Urbaine",43.6106,2.23,2026-01-06 13:00:00,20,"09:00",2026-01-07 09:00:00,12.81,23.37,"Normal"
"Castres-Travet Urbain","CASTRES","Urbaine",43.6106,2.23,2026-01-06 13:00:00,21,"10:00",2026-01-07 10:00:00,12.66,23.23,"Normal"
"Castres-Travet Urbain","CASTRES","Urbaine",43.6106,2.23,2026-01-06 13:00:00,22,"11:00",2026-01-07 11:00:00,11.55,22.12,"Normal"
"Castres-Travet Urbain","CASTRES","Urbaine",43.6106,2.23,2026-01-06 13:00:00,23,"12:00",2026-01-07 12:00:00,10.4,20.97,"Normal"
"Castres-Travet Urbain","CASTRES","Urbaine",43.6106,2.23,2026-01-06 13:00:00,24,"13:00",2026-01-07 13:00:00,10.07,20.64,"Normal"
"Lourdes-Lapaca Urbain","LOURDES","Urbaine",43.0969,-0.038889,2026-01-06 13:00:00,1,"14:00",2026-01-06 14:00:00,4.79,11.89,"Normal"
"Lourdes-Lapaca Urbain","LOURDES","Urbaine",43.0969,-0.038889,2026-01-06 13:00:00,2,"15:00",2026-01-06 15:00:00,5.36,12.46,"Normal"
"Lourdes-Lapaca Urbain","LOURDES","Urbaine",43.0969,-0.038889,2026-01-06 13:00:00,3,"16:00",2026-01-06 16:00:00,7.51,14.61,"Normal"
"Lourdes-Lapaca Urbain","LOURDES","Urbaine",43.0969,-0.038889,2026-01-06 13:00:00,4,"17:00",2026-01-06 17:00:00,11.27,18.38,"Normal"
"Lourdes-Lapaca Urbain","LOURDES","Urbaine",43.0969,-0.038889,2026-01-06 13:00:00,5,"18:00",2026-01-06 18:00:00,17.29,24.4,"Normal"
"Lourdes-Lapaca Urbain","LOURDES","Urbaine",43.0969,-0.038889,2026-01-06 13:00:00,6,"19:00",2026-01-06 19:00:00,22.23,29.35,"ALERTE RISQUE"
"Lourdes-Lapaca Urbain","LOURDES","Urbaine",43.0969,-0.038889,2026-01-06 13:00:00,7,"20:00",2026-01-06 20:00:00,25.93,33.06,"ALERTE RISQUE"
"Lourdes-Lapaca Urbain","LOURDES","Urbaine",43.0969,-0.038889,2026-01-06 13:00:00,8,"21:00",2026-01-06 21:00:00,28.72,35.85,"ALERTE RISQUE"
"Lourdes-Lapaca Urbain","LOURDES","Urbaine",43.0969,-0.038889,2026-01-06 13:00:00,9,"22:00",2026-01-06 22:00:00,26.08,33.21,"ALERTE RISQUE"
"Lourdes-Lapaca Urbain","LOURDES","Urbaine",43.0969,-0.038889,2026-01-06 13:00:00,10,"23:00",2026-01-06 23:00:00,21.49,28.63,"ALERTE RISQUE"
"Lourdes-Lapaca Urbain","LOURDES","Urbaine",43.0969,-0.038889,2026-01-06 13:00:00,11,"00:00",2026-01-07,17.82,24.96,"Normal"
"Lourdes-Lapaca Urbain","LOURDES","Urbaine",43.0969,-0.038889,2026-01-06 13:00:00,12,"01:00",2026-01-07 01:00:00,14.78,21.92,"Normal"
"Lourdes-Lapaca Urbain","LOURDES","Urbaine",43.0969,-0.038889,2026-01-06 13:00:00,13,"02:00",2026-01-07 02:00:00,13.08,20.23,"Normal"
"Lourdes-Lapaca Urbain","LOURDES","Urbaine",43.0969,-0.038889,2026-01-06 13:00:00,14,"03:00",2026-01-07 03:00:00,10.46,17.61,"Normal"
"Lourdes-Lapaca Urbain","LOURDES","Urbaine",43.0969,-0.038889,2026-01-06 13:00:00,15,"04:00",2026-01-07 04:00:00,8.97,16.13,"Normal"
"Lourdes-Lapaca Urbain","LOURDES","Urbaine",43.0969,-0.038889,2026-01-06 13:00:00,16,"05:00",2026-01-07 05:00:00,8.07,15.23,"Normal"
"Lourdes-Lapaca Urbain","LOURDES","Urbaine",43.0969,-0.038889,2026-01-06 13:00:00,17,"06:00",2026-01-07 06:00:00,8,15.17,"Normal"
"Lourdes-Lapaca Urbain","LOURDES","Urbaine",43.0969,-0.038889,2026-01-06 13:00:00,18,"07:00",2026-01-07 07:00:00,8.02,15.19,"Normal"
"Lourdes-Lapaca Urbain","LOURDES","Urbaine",43.0969,-0.038889,2026-01-06 13:00:00,19,"08:00",2026-01-07 08:00:00,8.23,15.41,"Normal"
"Lourdes-Lapaca Urbain","LOURDES","Urbaine",43.0969,-0.038889,2026-01-06 13:00:00,20,"09:00",2026-01-07 09:00:00,10.72,17.9,"Normal"
"Lourdes-Lapaca Urbain","LOURDES","Urbaine",43.0969,-0.038889,2026-01-06 13:00:00,21,"10:00",2026-01-07 10:00:00,11.72,18.9,"Normal"
"Lourdes-Lapaca Urbain","LOURDES","Urbaine",43.0969,-0.038889,2026-01-06 13:00:00,22,"11:00",2026-01-07 11:00:00,9.5,16.68,"Normal"
"Lourdes-Lapaca Urbain","LOURDES","Urbaine",43.0969,-0.038889,2026-01-06 13:00:00,23,"12:00",2026-01-07 12:00:00,6.96,14.15,"Normal"
"Lourdes-Lapaca Urbain","LOURDES","Urbaine",43.0969,-0.038889,2026-01-06 13:00:00,24,"13:00",2026-01-07 13:00:00,5.73,12.93,"Normal"
"Montauban - Ramierou Urbain","MONTAUBAN","Urbaine",44.0129,1.37531,2026-01-06 13:00:00,1,"14:00",2026-01-06 14:00:00,23.26,32.65,"ALERTE RISQUE"
"Montauban - Ramierou Urbain","MONTAUBAN","Urbaine",44.0129,1.37531,2026-01-06 13:00:00,2,"15:00",2026-01-06 15:00:00,21.79,31.2,"ALERTE RISQUE"
"Montauban - Ramierou Urbain","MONTAUBAN","Urbaine",44.0129,1.37531,2026-01-06 13:00:00,3,"16:00",2026-01-06 16:00:00,21.26,30.7,"ALERTE RISQUE"
"Montauban - Ramierou Urbain","MONTAUBAN","Urbaine",44.0129,1.37531,2026-01-06 13:00:00,4,"17:00",2026-01-06 17:00:00,22.79,32.26,"ALERTE RISQUE"
"Montauban - Ramierou Urbain","MONTAUBAN","Urbaine",44.0129,1.37531,2026-01-06 13:00:00,5,"18:00",2026-01-06 18:00:00,25.66,35.15,"ALERTE RISQUE"
"Montauban - Ramierou Urbain","MONTAUBAN","Urbaine",44.0129,1.37531,2026-01-06 13:00:00,6,"19:00",2026-01-06 19:00:00,28.7,38.21,"ALERTE RISQUE"
"Montauban - Ramierou Urbain","MONTAUBAN","Urbaine",44.0129,1.37531,2026-01-06 13:00:00,7,"20:00",2026-01-06 20:00:00,28.9,38.44,"ALERTE RISQUE"
"Montauban - Ramierou Urbain","MONTAUBAN","Urbaine",44.0129,1.37531,2026-01-06 13:00:00,8,"21:00",2026-01-06 21:00:00,27.62,37.18,"ALERTE RISQUE"
"Montauban - Ramierou Urbain","MONTAUBAN","Urbaine",44.0129,1.37531,2026-01-06 13:00:00,9,"22:00",2026-01-06 22:00:00,28.32,37.91,"ALERTE RISQUE"
"Montauban - Ramierou Urbain","MONTAUBAN","Urbaine",44.0129,1.37531,2026-01-06 13:00:00,10,"23:00",2026-01-06 23:00:00,27.93,37.55,"ALERTE RISQUE"
"Montauban - Ramierou Urbain","MONTAUBAN","Urbaine",44.0129,1.37531,2026-01-06 13:00:00,11,"00:00",2026-01-07,25.85,35.5,"ALERTE RISQUE"
"Montauban - Ramierou Urbain","MONTAUBAN","Urbaine",44.0129,1.37531,2026-01-06 13:00:00,12,"01:00",2026-01-07 01:00:00,22.2,31.87,"ALERTE RISQUE"
"Montauban - Ramierou Urbain","MONTAUBAN","Urbaine",44.0129,1.37531,2026-01-06 13:00:00,13,"02:00",2026-01-07 02:00:00,21.26,30.95,"ALERTE RISQUE"
"Montauban - Ramierou Urbain","MONTAUBAN","Urbaine",44.0129,1.37531,2026-01-06 13:00:00,14,"03:00",2026-01-07 03:00:00,19.56,29.28,"ALERTE RISQUE"
"Montauban - Ramierou Urbain","MONTAUBAN","Urbaine",44.0129,1.37531,2026-01-06 13:00:00,15,"04:00",2026-01-07 04:00:00,15.67,25.41,"ALERTE RISQUE"
"Montauban - Ramierou Urbain","MONTAUBAN","Urbaine",44.0129,1.37531,2026-01-06 13:00:00,16,"05:00",2026-01-07 05:00:00,14.39,24.16,"Normal"
"Montauban - Ramierou Urbain","MONTAUBAN","Urbaine",44.0129,1.37531,2026-01-06 13:00:00,17,"06:00",2026-01-07 06:00:00,13.32,23.11,"Normal"
"Montauban - Ramierou Urbain","MONTAUBAN","Urbaine",44.0129,1.37531,2026-01-06 13:00:00,18,"07:00",2026-01-07 07:00:00,13.65,23.47,"Normal"
"Montauban - Ramierou Urbain","MONTAUBAN","Urbaine",44.0129,1.37531,2026-01-06 13:00:00,19,"08:00",2026-01-07 08:00:00,14.6,24.44,"Normal"
"Montauban - Ramierou Urbain","MONTAUBAN","Urbaine",44.0129,1.37531,2026-01-06 13:00:00,20,"09:00",2026-01-07 09:00:00,15.34,25.21,"ALERTE RISQUE"
"Montauban - Ramierou Urbain","MONTAUBAN","Urbaine",44.0129,1.37531,2026-01-06 13:00:00,21,"10:00",2026-01-07 10:00:00,14.6,24.49,"Normal"
"Montauban - Ramierou Urbain","MONTAUBAN","Urbaine",44.0129,1.37531,2026-01-06 13:00:00,22,"11:00",2026-01-07 11:00:00,13.29,23.21,"Normal"
"Montauban - Ramierou Urbain","MONTAUBAN","Urbaine",44.0129,1.37531,2026-01-06 13:00:00,23,"12:00",2026-01-07 12:00:00,12.54,22.48,"Normal"
"Montauban - Ramierou Urbain","MONTAUBAN","Urbaine",44.0129,1.37531,2026-01-06 13:00:00,24,"13:00",2026-01-07 13:00:00,12.21,22.17,"Normal"
"Montpellier - Prés d Arènes Urbain","MONTPELLIER","Urbaine",43.5915,3.88689,2026-01-06 13:00:00,1,"14:00",2026-01-06 14:00:00,4.74,7.79,"Normal"
"Montpellier - Prés d Arènes Urbain","MONTPELLIER","Urbaine",43.5915,3.88689,2026-01-06 13:00:00,2,"15:00",2026-01-06 15:00:00,5.16,8.69,"Normal"
"Montpellier - Prés d Arènes Urbain","MONTPELLIER","Urbaine",43.5915,3.88689,2026-01-06 13:00:00,3,"16:00",2026-01-06 16:00:00,7.06,11.02,"Normal"
"Montpellier - Prés d Arènes Urbain","MONTPELLIER","Urbaine",43.5915,3.88689,2026-01-06 13:00:00,4,"17:00",2026-01-06 17:00:00,9.06,13.4,"Normal"
"Montpellier - Prés d Arènes Urbain","MONTPELLIER","Urbaine",43.5915,3.88689,2026-01-06 13:00:00,5,"18:00",2026-01-06 18:00:00,13.19,17.88,"Normal"
"Montpellier - Prés d Arènes Urbain","MONTPELLIER","Urbaine",43.5915,3.88689,2026-01-06 13:00:00,6,"19:00",2026-01-06 19:00:00,15.39,20.4,"Normal"
"Montpellier - Prés d Arènes Urbain","MONTPELLIER","Urbaine",43.5915,3.88689,2026-01-06 13:00:00,7,"20:00",2026-01-06 20:00:00,15.26,20.57,"Normal"
"Montpellier - Prés d Arènes Urbain","MONTPELLIER","Urbaine",43.5915,3.88689,2026-01-06 13:00:00,8,"21:00",2026-01-06 21:00:00,16.24,21.84,"Normal"
"Montpellier - Prés d Arènes Urbain","MONTPELLIER","Urbaine",43.5915,3.88689,2026-01-06 13:00:00,9,"22:00",2026-01-06 22:00:00,14.42,20.29,"Normal"
"Montpellier - Prés d Arènes Urbain","MONTPELLIER","Urbaine",43.5915,3.88689,2026-01-06 13:00:00,10,"23:00",2026-01-06 23:00:00,14.09,20.22,"Normal"
"Montpellier - Prés d Arènes Urbain","MONTPELLIER","Urbaine",43.5915,3.88689,2026-01-06 13:00:00,11,"00:00",2026-01-07,12.39,18.77,"Normal"
"Montpellier - Prés d Arènes Urbain","MONTPELLIER","Urbaine",43.5915,3.88689,2026-01-06 13:00:00,12,"01:00",2026-01-07 01:00:00,11.12,17.74,"Normal"
"Montpellier - Prés d Arènes Urbain","MONTPELLIER","Urbaine",43.5915,3.88689,2026-01-06 13:00:00,13,"02:00",2026-01-07 02:00:00,10.08,16.93,"Normal"
"Montpellier - Prés d Arènes Urbain","MONTPELLIER","Urbaine",43.5915,3.88689,2026-01-06 13:00:00,14,"03:00",2026-01-07 03:00:00,8.64,15.72,"Normal"
"Montpellier - Prés d Arènes Urbain","MONTPELLIER","Urbaine",43.5915,3.88689,2026-01-06 13:00:00,15,"04:00",2026-01-07 04:00:00,8.23,15.52,"Normal"
"Montpellier - Prés d Arènes Urbain","MONTPELLIER","Urbaine",43.5915,3.88689,2026-01-06 13:00:00,16,"05:00",2026-01-07 05:00:00,8.04,15.54,"Normal"
"Montpellier - Prés d Arènes Urbain","MONTPELLIER","Urbaine",43.5915,3.88689,2026-01-06 13:00:00,17,"06:00",2026-01-07 06:00:00,8.21,15.91,"Normal"
"Montpellier - Prés d Arènes Urbain","MONTPELLIER","Urbaine",43.5915,3.88689,2026-01-06 13:00:00,18,"07:00",2026-01-07 07:00:00,9.38,17.28,"Normal"
"Montpellier - Prés d Arènes Urbain","MONTPELLIER","Urbaine",43.5915,3.88689,2026-01-06 13:00:00,19,"08:00",2026-01-07 08:00:00,9.18,17.28,"Normal"
"Montpellier - Prés d Arènes Urbain","MONTPELLIER","Urbaine",43.5915,3.88689,2026-01-06 13:00:00,20,"09:00",2026-01-07 09:00:00,9.04,17.33,"Normal"
"Montpellier - Prés d Arènes Urbain","MONTPELLIER","Urbaine",43.5915,3.88689,2026-01-06 13:00:00,21,"10:00",2026-01-07 10:00:00,8.38,16.85,"Normal"
"Montpellier - Prés d Arènes Urbain","MONTPELLIER","Urbaine",43.5915,3.88689,2026-01-06 13:00:00,22,"11:00",2026-01-07 11:00:00,7.66,16.31,"Normal"
"Montpellier - Prés d Arènes Urbain","MONTPELLIER","Urbaine",43.5915,3.88689,2026-01-06 13:00:00,23,"12:00",2026-01-07 12:00:00,7.09,15.92,"Normal"
"Montpellier - Prés d Arènes Urbain","MONTPELLIER","Urbaine",43.5915,3.88689,2026-01-06 13:00:00,24,"13:00",2026-01-07 13:00:00,6.43,15.43,"Normal"
"Montpellier Liberte Trafic","MONTPELLIER","Urbaine",43.6116,3.82806,2026-01-06 12:00:00,1,"13:00",2026-01-06 13:00:00,9.08,16.13,"Normal"
"Montpellier Liberte Trafic","MONTPELLIER","Urbaine",43.6116,3.82806,2026-01-06 12:00:00,2,"14:00",2026-01-06 14:00:00,10.33,17.56,"Normal"
"Montpellier Liberte Trafic","MONTPELLIER","Urbaine",43.6116,3.82806,2026-01-06 12:00:00,3,"15:00",2026-01-06 15:00:00,11.09,18.47,"Normal"
"Montpellier Liberte Trafic","MONTPELLIER","Urbaine",43.6116,3.82806,2026-01-06 12:00:00,4,"16:00",2026-01-06 16:00:00,13.66,21.16,"Normal"
"Montpellier Liberte Trafic","MONTPELLIER","Urbaine",43.6116,3.82806,2026-01-06 12:00:00,5,"17:00",2026-01-06 17:00:00,20.47,28.07,"ALERTE RISQUE"
"Montpellier Liberte Trafic","MONTPELLIER","Urbaine",43.6116,3.82806,2026-01-06 12:00:00,6,"18:00",2026-01-06 18:00:00,23.07,30.74,"ALERTE RISQUE"
"Montpellier Liberte Trafic","MONTPELLIER","Urbaine",43.6116,3.82806,2026-01-06 12:00:00,7,"19:00",2026-01-06 19:00:00,23.31,31.04,"ALERTE RISQUE"
"Montpellier Liberte Trafic","MONTPELLIER","Urbaine",43.6116,3.82806,2026-01-06 12:00:00,8,"20:00",2026-01-06 20:00:00,20.99,28.77,"ALERTE RISQUE"
"Montpellier Liberte Trafic","MONTPELLIER","Urbaine",43.6116,3.82806,2026-01-06 12:00:00,9,"21:00",2026-01-06 21:00:00,19.64,27.46,"ALERTE RISQUE"
"Montpellier Liberte Trafic","MONTPELLIER","Urbaine",43.6116,3.82806,2026-01-06 12:00:00,10,"22:00",2026-01-06 22:00:00,18.79,26.64,"ALERTE RISQUE"
"Montpellier Liberte Trafic","MONTPELLIER","Urbaine",43.6116,3.82806,2026-01-06 12:00:00,11,"23:00",2026-01-06 23:00:00,18.16,26.04,"ALERTE RISQUE"
"Montpellier Liberte Trafic","MONTPELLIER","Urbaine",43.6116,3.82806,2026-01-06 12:00:00,12,"00:00",2026-01-07,15.9,23.8,"Normal"
"Montpellier Liberte Trafic","MONTPELLIER","Urbaine",43.6116,3.82806,2026-01-06 12:00:00,13,"01:00",2026-01-07 01:00:00,10.88,18.8,"Normal"
"Montpellier Liberte Trafic","MONTPELLIER","Urbaine",43.6116,3.82806,2026-01-06 12:00:00,14,"02:00",2026-01-07 02:00:00,9.13,17.06,"Normal"
"Montpellier Liberte Trafic","MONTPELLIER","Urbaine",43.6116,3.82806,2026-01-06 12:00:00,15,"03:00",2026-01-07 03:00:00,9.22,17.16,"Normal"
"Montpellier Liberte Trafic","MONTPELLIER","Urbaine",43.6116,3.82806,2026-01-06 12:00:00,16,"04:00",2026-01-07 04:00:00,8.89,16.84,"Normal"
"Montpellier Liberte Trafic","MONTPELLIER","Urbaine",43.6116,3.82806,2026-01-06 12:00:00,17,"05:00",2026-01-07 05:00:00,8.82,16.77,"Normal"
"Montpellier Liberte Trafic","MONTPELLIER","Urbaine",43.6116,3.82806,2026-01-06 12:00:00,18,"06:00",2026-01-07 06:00:00,12.13,20.09,"Normal"
"Montpellier Liberte Trafic","MONTPELLIER","Urbaine",43.6116,3.82806,2026-01-06 12:00:00,19,"07:00",2026-01-07 07:00:00,13.82,21.78,"Normal"
"Montpellier Liberte Trafic","MONTPELLIER","Urbaine",43.6116,3.82806,2026-01-06 12:00:00,20,"08:00",2026-01-07 08:00:00,15.61,23.58,"Normal"
"Montpellier Liberte Trafic","MONTPELLIER","Urbaine",43.6116,3.82806,2026-01-06 12:00:00,21,"09:00",2026-01-07 09:00:00,13.53,21.51,"Normal"
"Montpellier Liberte Trafic","MONTPELLIER","Urbaine",43.6116,3.82806,2026-01-06 12:00:00,22,"10:00",2026-01-07 10:00:00,12.2,20.18,"Normal"
"Montpellier Liberte Trafic","MONTPELLIER","Urbaine",43.6116,3.82806,2026-01-06 12:00:00,23,"11:00",2026-01-07 11:00:00,10.24,18.22,"Normal"
"Montpellier Liberte Trafic","MONTPELLIER","Urbaine",43.6116,3.82806,2026-01-06 12:00:00,24,"12:00",2026-01-07 12:00:00,9.72,17.7,"Normal"
"Nimes Allende trafic","NIMES","Urbaine",43.8291,4.37791,2026-01-06 11:00:00,1,"12:00",2026-01-06 12:00:00,5.22,10.7,"Normal"
"Nimes Allende trafic","NIMES","Urbaine",43.8291,4.37791,2026-01-06 11:00:00,2,"13:00",2026-01-06 13:00:00,5.7,11.78,"Normal"
"Nimes Allende trafic","NIMES","Urbaine",43.8291,4.37791,2026-01-06 11:00:00,3,"14:00",2026-01-06 14:00:00,5.96,12.59,"Normal"
"Nimes Allende trafic","NIMES","Urbaine",43.8291,4.37791,2026-01-06 11:00:00,4,"15:00",2026-01-06 15:00:00,7.75,14.85,"Normal"
"Nimes Allende trafic","NIMES","Urbaine",43.8291,4.37791,2026-01-06 11:00:00,5,"16:00",2026-01-06 16:00:00,9.07,16.61,"Normal"
"Nimes Allende trafic","NIMES","Urbaine",43.8291,4.37791,2026-01-06 11:00:00,6,"17:00",2026-01-06 17:00:00,13.36,21.29,"Normal"
"Nimes Allende trafic","NIMES","Urbaine",43.8291,4.37791,2026-01-06 11:00:00,7,"18:00",2026-01-06 18:00:00,16.91,25.21,"ALERTE RISQUE"
"Nimes Allende trafic","NIMES","Urbaine",43.8291,4.37791,2026-01-06 11:00:00,8,"19:00",2026-01-06 19:00:00,19.38,28.02,"ALERTE RISQUE"
"Nimes Allende trafic","NIMES","Urbaine",43.8291,4.37791,2026-01-06 11:00:00,9,"20:00",2026-01-06 20:00:00,20.56,29.52,"ALERTE RISQUE"
"Nimes Allende trafic","NIMES","Urbaine",43.8291,4.37791,2026-01-06 11:00:00,10,"21:00",2026-01-06 21:00:00,17.99,27.24,"ALERTE RISQUE"
"Nimes Allende trafic","NIMES","Urbaine",43.8291,4.37791,2026-01-06 11:00:00,11,"22:00",2026-01-06 22:00:00,15.49,25.01,"ALERTE RISQUE"
"Nimes Allende trafic","NIMES","Urbaine",43.8291,4.37791,2026-01-06 11:00:00,12,"23:00",2026-01-06 23:00:00,14.32,24.11,"Normal"
"Nimes Allende trafic","NIMES","Urbaine",43.8291,4.37791,2026-01-06 11:00:00,13,"00:00",2026-01-07,12.47,22.5,"Normal"
"Nimes Allende trafic","NIMES","Urbaine",43.8291,4.37791,2026-01-06 11:00:00,14,"01:00",2026-01-07 01:00:00,11.09,21.36,"Normal"
"Nimes Allende trafic","NIMES","Urbaine",43.8291,4.37791,2026-01-06 11:00:00,15,"02:00",2026-01-07 02:00:00,10.44,20.93,"Normal"
"Nimes Allende trafic","NIMES","Urbaine",43.8291,4.37791,2026-01-06 11:00:00,16,"03:00",2026-01-07 03:00:00,9.88,20.58,"Normal"
"Nimes Allende trafic","NIMES","Urbaine",43.8291,4.37791,2026-01-06 11:00:00,17,"04:00",2026-01-07 04:00:00,9.75,20.64,"Normal"
"Nimes Allende trafic","NIMES","Urbaine",43.8291,4.37791,2026-01-06 11:00:00,18,"05:00",2026-01-07 05:00:00,10.01,21.1,"Normal"
"Nimes Allende trafic","NIMES","Urbaine",43.8291,4.37791,2026-01-06 11:00:00,19,"06:00",2026-01-07 06:00:00,10.62,21.88,"Normal"
"Nimes Allende trafic","NIMES","Urbaine",43.8291,4.37791,2026-01-06 11:00:00,20,"07:00",2026-01-07 07:00:00,10.94,22.37,"Normal"
"Nimes Allende trafic","NIMES","Urbaine",43.8291,4.37791,2026-01-06 11:00:00,21,"08:00",2026-01-07 08:00:00,11.29,22.88,"Normal"
"Nimes Allende trafic","NIMES","Urbaine",43.8291,4.37791,2026-01-06 11:00:00,22,"09:00",2026-01-07 09:00:00,11.74,23.49,"Normal"
"Nimes Allende trafic","NIMES","Urbaine",43.8291,4.37791,2026-01-06 11:00:00,23,"10:00",2026-01-07 10:00:00,11.08,22.98,"Normal"
"Nimes Allende trafic","NIMES","Urbaine",43.8291,4.37791,2026-01-06 11:00:00,24,"11:00",2026-01-07 11:00:00,10.26,22.3,"Normal"
"Nîmes Sud - Urbain","NIMES","Urbaine",43.8344,4.37422,2026-01-06 13:00:00,1,"14:00",2026-01-06 14:00:00,2.58,4.6,"Normal"
"Nîmes Sud - Urbain","NIMES","Urbaine",43.8344,4.37422,2026-01-06 13:00:00,2,"15:00",2026-01-06 15:00:00,3.4,5.47,"Normal"
"Nîmes Sud - Urbain","NIMES","Urbaine",43.8344,4.37422,2026-01-06 13:00:00,3,"16:00",2026-01-06 16:00:00,4.49,6.61,"Normal"
"Nîmes Sud - Urbain","NIMES","Urbaine",43.8344,4.37422,2026-01-06 13:00:00,4,"17:00",2026-01-06 17:00:00,7.73,9.89,"Normal"
"Nîmes Sud - Urbain","NIMES","Urbaine",43.8344,4.37422,2026-01-06 13:00:00,5,"18:00",2026-01-06 18:00:00,13.27,15.47,"Normal"
"Nîmes Sud - Urbain","NIMES","Urbaine",43.8344,4.37422,2026-01-06 13:00:00,6,"19:00",2026-01-06 19:00:00,15.43,17.68,"Normal"
"Nîmes Sud - Urbain","NIMES","Urbaine",43.8344,4.37422,2026-01-06 13:00:00,7,"20:00",2026-01-06 20:00:00,17.11,19.4,"Normal"
"Nîmes Sud - Urbain","NIMES","Urbaine",43.8344,4.37422,2026-01-06 13:00:00,8,"21:00",2026-01-06 21:00:00,16.08,18.41,"Normal"
"Nîmes Sud - Urbain","NIMES","Urbaine",43.8344,4.37422,2026-01-06 13:00:00,9,"22:00",2026-01-06 22:00:00,13.21,15.58,"Normal"
"Nîmes Sud - Urbain","NIMES","Urbaine",43.8344,4.37422,2026-01-06 13:00:00,10,"23:00",2026-01-06 23:00:00,11.57,13.98,"Normal"
"Nîmes Sud - Urbain","NIMES","Urbaine",43.8344,4.37422,2026-01-06 13:00:00,11,"00:00",2026-01-07,9.52,11.97,"Normal"
"Nîmes Sud - Urbain","NIMES","Urbaine",43.8344,4.37422,2026-01-06 13:00:00,12,"01:00",2026-01-07 01:00:00,8.34,10.83,"Normal"
"Nîmes Sud - Urbain","NIMES","Urbaine",43.8344,4.37422,2026-01-06 13:00:00,13,"02:00",2026-01-07 02:00:00,7.61,10.14,"Normal"
"Nîmes Sud - Urbain","NIMES","Urbaine",43.8344,4.37422,2026-01-06 13:00:00,14,"03:00",2026-01-07 03:00:00,7.36,9.92,"Normal"
"Nîmes Sud - Urbain","NIMES","Urbaine",43.8344,4.37422,2026-01-06 13:00:00,15,"04:00",2026-01-07 04:00:00,6.9,9.5,"Normal"
"Nîmes Sud - Urbain","NIMES","Urbaine",43.8344,4.37422,2026-01-06 13:00:00,16,"05:00",2026-01-07 05:00:00,6.82,9.45,"Normal"
"Nîmes Sud - Urbain","NIMES","Urbaine",43.8344,4.37422,2026-01-06 13:00:00,17,"06:00",2026-01-07 06:00:00,7.21,9.88,"Normal"
"Nîmes Sud - Urbain","NIMES","Urbaine",43.8344,4.37422,2026-01-06 13:00:00,18,"07:00",2026-01-07 07:00:00,7.45,10.16,"Normal"
"Nîmes Sud - Urbain","NIMES","Urbaine",43.8344,4.37422,2026-01-06 13:00:00,19,"08:00",2026-01-07 08:00:00,7.84,10.58,"Normal"
"Nîmes Sud - Urbain","NIMES","Urbaine",43.8344,4.37422,2026-01-06 13:00:00,20,"09:00",2026-01-07 09:00:00,8.03,10.81,"Normal"
"Nîmes Sud - Urbain","NIMES","Urbaine",43.8344,4.37422,2026-01-06 13:00:00,21,"10:00",2026-01-07 10:00:00,7.64,10.45,"Normal"
"Nîmes Sud - Urbain","NIMES","Urbaine",43.8344,4.37422,2026-01-06 13:00:00,22,"11:00",2026-01-07 11:00:00,7.27,10.11,"Normal"
"Nîmes Sud - Urbain","NIMES","Urbaine",43.8344,4.37422,2026-01-06 13:00:00,23,"12:00",2026-01-07 12:00:00,6.61,9.49,"Normal"
"Nîmes Sud - Urbain","NIMES","Urbaine",43.8344,4.37422,2026-01-06 13:00:00,24,"13:00",2026-01-07 13:00:00,6.37,9.28,"Normal"
"Perpignan Centre - Urbain","PERPIGNAN","Urbaine",42.6958,2.8997,2026-01-06 13:00:00,1,"14:00",2026-01-06 14:00:00,1.74,3.25,"Normal"
"Perpignan Centre - Urbain","PERPIGNAN","Urbaine",42.6958,2.8997,2026-01-06 13:00:00,2,"15:00",2026-01-06 15:00:00,2.28,3.84,"Normal"
"Perpignan Centre - Urbain","PERPIGNAN","Urbaine",42.6958,2.8997,2026-01-06 13:00:00,3,"16:00",2026-01-06 16:00:00,3.16,4.78,"Normal"
"Perpignan Centre - Urbain","PERPIGNAN","Urbaine",42.6958,2.8997,2026-01-06 13:00:00,4,"17:00",2026-01-06 17:00:00,4.62,6.29,"Normal"
"Perpignan Centre - Urbain","PERPIGNAN","Urbaine",42.6958,2.8997,2026-01-06 13:00:00,5,"18:00",2026-01-06 18:00:00,6.53,8.25,"Normal"
"Perpignan Centre - Urbain","PERPIGNAN","Urbaine",42.6958,2.8997,2026-01-06 13:00:00,6,"19:00",2026-01-06 19:00:00,8.64,10.42,"Normal"
"Perpignan Centre - Urbain","PERPIGNAN","Urbaine",42.6958,2.8997,2026-01-06 13:00:00,7,"20:00",2026-01-06 20:00:00,9.72,11.54,"Normal"
"Perpignan Centre - Urbain","PERPIGNAN","Urbaine",42.6958,2.8997,2026-01-06 13:00:00,8,"21:00",2026-01-06 21:00:00,9.39,11.26,"Normal"
"Perpignan Centre - Urbain","PERPIGNAN","Urbaine",42.6958,2.8997,2026-01-06 13:00:00,9,"22:00",2026-01-06 22:00:00,8.49,10.41,"Normal"
"Perpignan Centre - Urbain","PERPIGNAN","Urbaine",42.6958,2.8997,2026-01-06 13:00:00,10,"23:00",2026-01-06 23:00:00,7.66,9.62,"Normal"
"Perpignan Centre - Urbain","PERPIGNAN","Urbaine",42.6958,2.8997,2026-01-06 13:00:00,11,"00:00",2026-01-07,6.84,8.84,"Normal"
"Perpignan Centre - Urbain","PERPIGNAN","Urbaine",42.6958,2.8997,2026-01-06 13:00:00,12,"01:00",2026-01-07 01:00:00,6.47,8.51,"Normal"
"Perpignan Centre - Urbain","PERPIGNAN","Urbaine",42.6958,2.8997,2026-01-06 13:00:00,13,"02:00",2026-01-07 02:00:00,5.87,7.95,"Normal"
"Perpignan Centre - Urbain","PERPIGNAN","Urbaine",42.6958,2.8997,2026-01-06 13:00:00,14,"03:00",2026-01-07 03:00:00,5.22,7.34,"Normal"
"Perpignan Centre - Urbain","PERPIGNAN","Urbaine",42.6958,2.8997,2026-01-06 13:00:00,15,"04:00",2026-01-07 04:00:00,5.03,7.19,"Normal"
"Perpignan Centre - Urbain","PERPIGNAN","Urbaine",42.6958,2.8997,2026-01-06 13:00:00,16,"05:00",2026-01-07 05:00:00,5.19,7.39,"Normal"
"Perpignan Centre - Urbain","PERPIGNAN","Urbaine",42.6958,2.8997,2026-01-06 13:00:00,17,"06:00",2026-01-07 06:00:00,5.57,7.81,"Normal"
"Perpignan Centre - Urbain","PERPIGNAN","Urbaine",42.6958,2.8997,2026-01-06 13:00:00,18,"07:00",2026-01-07 07:00:00,5.8,8.08,"Normal"
"Perpignan Centre - Urbain","PERPIGNAN","Urbaine",42.6958,2.8997,2026-01-06 13:00:00,19,"08:00",2026-01-07 08:00:00,6.39,8.7,"Normal"
"Perpignan Centre - Urbain","PERPIGNAN","Urbaine",42.6958,2.8997,2026-01-06 13:00:00,20,"09:00",2026-01-07 09:00:00,7.12,9.47,"Normal"
"Perpignan Centre - Urbain","PERPIGNAN","Urbaine",42.6958,2.8997,2026-01-06 13:00:00,21,"10:00",2026-01-07 10:00:00,7.65,10.03,"Normal"
"Perpignan Centre - Urbain","PERPIGNAN","Urbaine",42.6958,2.8997,2026-01-06 13:00:00,22,"11:00",2026-01-07 11:00:00,6.9,9.32,"Normal"
"Perpignan Centre - Urbain","PERPIGNAN","Urbaine",42.6958,2.8997,2026-01-06 13:00:00,23,"12:00",2026-01-07 12:00:00,6.33,8.78,"Normal"
"Perpignan Centre - Urbain","PERPIGNAN","Urbaine",42.6958,2.8997,2026-01-06 13:00:00,24,"13:00",2026-01-07 13:00:00,5.98,8.46,"Normal"
"Rodez - Camonil Urbain","RODEZ","Urbaine",44.357,2.5707,2026-01-06 13:00:00,1,"14:00",2026-01-06 14:00:00,14.37,18.74,"Normal"
"Rodez - Camonil Urbain","RODEZ","Urbaine",44.357,2.5707,2026-01-06 13:00:00,2,"15:00",2026-01-06 15:00:00,13.87,18.3,"Normal"
"Rodez - Camonil Urbain","RODEZ","Urbaine",44.357,2.5707,2026-01-06 13:00:00,3,"16:00",2026-01-06 16:00:00,13.86,18.34,"Normal"
"Rodez - Camonil Urbain","RODEZ","Urbaine",44.357,2.5707,2026-01-06 13:00:00,4,"17:00",2026-01-06 17:00:00,15,19.54,"Normal"
"Rodez - Camonil Urbain","RODEZ","Urbaine",44.357,2.5707,2026-01-06 13:00:00,5,"18:00",2026-01-06 18:00:00,15.64,20.23,"Normal"
"Rodez - Camonil Urbain","RODEZ","Urbaine",44.357,2.5707,2026-01-06 13:00:00,6,"19:00",2026-01-06 19:00:00,17.19,21.83,"Normal"
"Rodez - Camonil Urbain","RODEZ","Urbaine",44.357,2.5707,2026-01-06 13:00:00,7,"20:00",2026-01-06 20:00:00,18.53,23.22,"Normal"
"Rodez - Camonil Urbain","RODEZ","Urbaine",44.357,2.5707,2026-01-06 13:00:00,8,"21:00",2026-01-06 21:00:00,19.11,23.85,"Normal"
"Rodez - Camonil Urbain","RODEZ","Urbaine",44.357,2.5707,2026-01-06 13:00:00,9,"22:00",2026-01-06 22:00:00,18.67,23.46,"Normal"
"Rodez - Camonil Urbain","RODEZ","Urbaine",44.357,2.5707,2026-01-06 13:00:00,10,"23:00",2026-01-06 23:00:00,18.74,23.58,"Normal"
"Rodez - Camonil Urbain","RODEZ","Urbaine",44.357,2.5707,2026-01-06 13:00:00,11,"00:00",2026-01-07,17.69,22.57,"Normal"
"Rodez - Camonil Urbain","RODEZ","Urbaine",44.357,2.5707,2026-01-06 13:00:00,12,"01:00",2026-01-07 01:00:00,16.7,21.64,"Normal"
"Rodez - Camonil Urbain","RODEZ","Urbaine",44.357,2.5707,2026-01-06 13:00:00,13,"02:00",2026-01-07 02:00:00,16.05,21.03,"Normal"
"Rodez - Camonil Urbain","RODEZ","Urbaine",44.357,2.5707,2026-01-06 13:00:00,14,"03:00",2026-01-07 03:00:00,14.29,19.32,"Normal"
"Rodez - Camonil Urbain","RODEZ","Urbaine",44.357,2.5707,2026-01-06 13:00:00,15,"04:00",2026-01-07 04:00:00,12.47,17.55,"Normal"
"Rodez - Camonil Urbain","RODEZ","Urbaine",44.357,2.5707,2026-01-06 13:00:00,16,"05:00",2026-01-07 05:00:00,11.86,16.99,"Normal"
"Rodez - Camonil Urbain","RODEZ","Urbaine",44.357,2.5707,2026-01-06 13:00:00,17,"06:00",2026-01-07 06:00:00,11.51,16.68,"Normal"
"Rodez - Camonil Urbain","RODEZ","Urbaine",44.357,2.5707,2026-01-06 13:00:00,18,"07:00",2026-01-07 07:00:00,11.05,16.26,"Normal"
"Rodez - Camonil Urbain","RODEZ","Urbaine",44.357,2.5707,2026-01-06 13:00:00,19,"08:00",2026-01-07 08:00:00,11.34,16.6,"Normal"
"Rodez - Camonil Urbain","RODEZ","Urbaine",44.357,2.5707,2026-01-06 13:00:00,20,"09:00",2026-01-07 09:00:00,12.22,17.52,"Normal"
"Rodez - Camonil Urbain","RODEZ","Urbaine",44.357,2.5707,2026-01-06 13:00:00,21,"10:00",2026-01-07 10:00:00,11.97,17.32,"Normal"
"Rodez - Camonil Urbain","RODEZ","Urbaine",44.357,2.5707,2026-01-06 13:00:00,22,"11:00",2026-01-07 11:00:00,10.04,15.43,"Normal"
"Rodez - Camonil Urbain","RODEZ","Urbaine",44.357,2.5707,2026-01-06 13:00:00,23,"12:00",2026-01-07 12:00:00,9.07,14.51,"Normal"
"Rodez - Camonil Urbain","RODEZ","Urbaine",44.357,2.5707,2026-01-06 13:00:00,24,"13:00",2026-01-07 13:00:00,8.3,13.77,"Normal"
"St-Girons Urbain","SAINT-GIRONS","Urbaine",42.99,1.13943,2026-01-06 13:00:00,1,"14:00",2026-01-06 14:00:00,2.76,8.01,"Normal"
"St-Girons Urbain","SAINT-GIRONS","Urbaine",42.99,1.13943,2026-01-06 13:00:00,2,"15:00",2026-01-06 15:00:00,4,9.45,"Normal"
"St-Girons Urbain","SAINT-GIRONS","Urbaine",42.99,1.13943,2026-01-06 13:00:00,3,"16:00",2026-01-06 16:00:00,5.57,11.21,"Normal"
"St-Girons Urbain","SAINT-GIRONS","Urbaine",42.99,1.13943,2026-01-06 13:00:00,4,"17:00",2026-01-06 17:00:00,10.17,15.99,"Normal"
"St-Girons Urbain","SAINT-GIRONS","Urbaine",42.99,1.13943,2026-01-06 13:00:00,5,"18:00",2026-01-06 18:00:00,14.72,20.71,"Normal"
"St-Girons Urbain","SAINT-GIRONS","Urbaine",42.99,1.13943,2026-01-06 13:00:00,6,"19:00",2026-01-06 19:00:00,16.84,23.01,"Normal"
"St-Girons Urbain","SAINT-GIRONS","Urbaine",42.99,1.13943,2026-01-06 13:00:00,7,"20:00",2026-01-06 20:00:00,15.58,21.91,"Normal"
"St-Girons Urbain","SAINT-GIRONS","Urbaine",42.99,1.13943,2026-01-06 13:00:00,8,"21:00",2026-01-06 21:00:00,13.83,20.33,"Normal"
"St-Girons Urbain","SAINT-GIRONS","Urbaine",42.99,1.13943,2026-01-06 13:00:00,9,"22:00",2026-01-06 22:00:00,13.67,20.32,"Normal"
"St-Girons Urbain","SAINT-GIRONS","Urbaine",42.99,1.13943,2026-01-06 13:00:00,10,"23:00",2026-01-06 23:00:00,13.81,20.62,"Normal"
"St-Girons Urbain","SAINT-GIRONS","Urbaine",42.99,1.13943,2026-01-06 13:00:00,11,"00:00",2026-01-07,11.7,18.66,"Normal"
"St-Girons Urbain","SAINT-GIRONS","Urbaine",42.99,1.13943,2026-01-06 13:00:00,12,"01:00",2026-01-07 01:00:00,10.61,17.71,"Normal"
"St-Girons Urbain","SAINT-GIRONS","Urbaine",42.99,1.13943,2026-01-06 13:00:00,13,"02:00",2026-01-07 02:00:00,8.78,16.03,"Normal"
"St-Girons Urbain","SAINT-GIRONS","Urbaine",42.99,1.13943,2026-01-06 13:00:00,14,"03:00",2026-01-07 03:00:00,8.14,15.53,"Normal"
"St-Girons Urbain","SAINT-GIRONS","Urbaine",42.99,1.13943,2026-01-06 13:00:00,15,"04:00",2026-01-07 04:00:00,7.77,15.3,"Normal"
"St-Girons Urbain","SAINT-GIRONS","Urbaine",42.99,1.13943,2026-01-06 13:00:00,16,"05:00",2026-01-07 05:00:00,7.62,15.29,"Normal"
"St-Girons Urbain","SAINT-GIRONS","Urbaine",42.99,1.13943,2026-01-06 13:00:00,17,"06:00",2026-01-07 06:00:00,7.35,15.15,"Normal"
"St-Girons Urbain","SAINT-GIRONS","Urbaine",42.99,1.13943,2026-01-06 13:00:00,18,"07:00",2026-01-07 07:00:00,7.06,14.99,"Normal"
"St-Girons Urbain","SAINT-GIRONS","Urbaine",42.99,1.13943,2026-01-06 13:00:00,19,"08:00",2026-01-07 08:00:00,7.98,16.04,"Normal"
"St-Girons Urbain","SAINT-GIRONS","Urbaine",42.99,1.13943,2026-01-06 13:00:00,20,"09:00",2026-01-07 09:00:00,8.52,16.7,"Normal"
"St-Girons Urbain","SAINT-GIRONS","Urbaine",42.99,1.13943,2026-01-06 13:00:00,21,"10:00",2026-01-07 10:00:00,7.06,15.37,"Normal"
"St-Girons Urbain","SAINT-GIRONS","Urbaine",42.99,1.13943,2026-01-06 13:00:00,22,"11:00",2026-01-07 11:00:00,6.53,14.97,"Normal"
"St-Girons Urbain","SAINT-GIRONS","Urbaine",42.99,1.13943,2026-01-06 13:00:00,23,"12:00",2026-01-07 12:00:00,6.11,14.66,"Normal"
"St-Girons Urbain","SAINT-GIRONS","Urbaine",42.99,1.13943,2026-01-06 13:00:00,24,"13:00",2026-01-07 13:00:00,5.14,13.82,"Normal"
"Tarbes-Dupuy Urbain","TARBES","Urbaine",43.2303,0.062222,2026-01-06 13:00:00,1,"14:00",2026-01-06 14:00:00,7.76,22.64,"Normal"
"Tarbes-Dupuy Urbain","TARBES","Urbaine",43.2303,0.062222,2026-01-06 13:00:00,2,"15:00",2026-01-06 15:00:00,6.97,21.84,"Normal"
"Tarbes-Dupuy Urbain","TARBES","Urbaine",43.2303,0.062222,2026-01-06 13:00:00,3,"16:00",2026-01-06 16:00:00,7.76,22.63,"Normal"
"Tarbes-Dupuy Urbain","TARBES","Urbaine",43.2303,0.062222,2026-01-06 13:00:00,4,"17:00",2026-01-06 17:00:00,11.12,25.98,"ALERTE RISQUE"
"Tarbes-Dupuy Urbain","TARBES","Urbaine",43.2303,0.062222,2026-01-06 13:00:00,5,"18:00",2026-01-06 18:00:00,20.93,35.79,"ALERTE RISQUE"
"Tarbes-Dupuy Urbain","TARBES","Urbaine",43.2303,0.062222,2026-01-06 13:00:00,6,"19:00",2026-01-06 19:00:00,31.54,46.39,"ALERTE RISQUE"
"Tarbes-Dupuy Urbain","TARBES","Urbaine",43.2303,0.062222,2026-01-06 13:00:00,7,"20:00",2026-01-06 20:00:00,40.09,54.93,"ALERTE RISQUE"
"Tarbes-Dupuy Urbain","TARBES","Urbaine",43.2303,0.062222,2026-01-06 13:00:00,8,"21:00",2026-01-06 21:00:00,39.66,54.5,"ALERTE RISQUE"
"Tarbes-Dupuy Urbain","TARBES","Urbaine",43.2303,0.062222,2026-01-06 13:00:00,9,"22:00",2026-01-06 22:00:00,37.6,52.43,"ALERTE RISQUE"
"Tarbes-Dupuy Urbain","TARBES","Urbaine",43.2303,0.062222,2026-01-06 13:00:00,10,"23:00",2026-01-06 23:00:00,34.75,49.58,"ALERTE RISQUE"
"Tarbes-Dupuy Urbain","TARBES","Urbaine",43.2303,0.062222,2026-01-06 13:00:00,11,"00:00",2026-01-07,28.84,43.66,"ALERTE RISQUE"
"Tarbes-Dupuy Urbain","TARBES","Urbaine",43.2303,0.062222,2026-01-06 13:00:00,12,"01:00",2026-01-07 01:00:00,24.66,39.47,"ALERTE RISQUE"
"Tarbes-Dupuy Urbain","TARBES","Urbaine",43.2303,0.062222,2026-01-06 13:00:00,13,"02:00",2026-01-07 02:00:00,19.52,34.34,"ALERTE RISQUE"
"Tarbes-Dupuy Urbain","TARBES","Urbaine",43.2303,0.062222,2026-01-06 13:00:00,14,"03:00",2026-01-07 03:00:00,15.4,30.2,"ALERTE RISQUE"
"Tarbes-Dupuy Urbain","TARBES","Urbaine",43.2303,0.062222,2026-01-06 13:00:00,15,"04:00",2026-01-07 04:00:00,11.38,26.18,"ALERTE RISQUE"
"Tarbes-Dupuy Urbain","TARBES","Urbaine",43.2303,0.062222,2026-01-06 13:00:00,16,"05:00",2026-01-07 05:00:00,9.58,24.37,"Normal"
"Tarbes-Dupuy Urbain","TARBES","Urbaine",43.2303,0.062222,2026-01-06 13:00:00,17,"06:00",2026-01-07 06:00:00,10.56,25.35,"ALERTE RISQUE"
"Tarbes-Dupuy Urbain","TARBES","Urbaine",43.2303,0.062222,2026-01-06 13:00:00,18,"07:00",2026-01-07 07:00:00,12.56,27.35,"ALERTE RISQUE"
"Tarbes-Dupuy Urbain","TARBES","Urbaine",43.2303,0.062222,2026-01-06 13:00:00,19,"08:00",2026-01-07 08:00:00,15.48,30.26,"ALERTE RISQUE"
"Tarbes-Dupuy Urbain","TARBES","Urbaine",43.2303,0.062222,2026-01-06 13:00:00,20,"09:00",2026-01-07 09:00:00,18.44,33.22,"ALERTE RISQUE"
"Tarbes-Dupuy Urbain","TARBES","Urbaine",43.2303,0.062222,2026-01-06 13:00:00,21,"10:00",2026-01-07 10:00:00,15.4,30.17,"ALERTE RISQUE"
"Tarbes-Dupuy Urbain","TARBES","Urbaine",43.2303,0.062222,2026-01-06 13:00:00,22,"11:00",2026-01-07 11:00:00,12.44,27.2,"ALERTE RISQUE"
"Tarbes-Dupuy Urbain","TARBES","Urbaine",43.2303,0.062222,2026-01-06 13:00:00,23,"12:00",2026-01-07 12:00:00,12.61,27.36,"ALERTE RISQUE"
"Tarbes-Dupuy Urbain","TARBES","Urbaine",43.2303,0.062222,2026-01-06 13:00:00,24,"13:00",2026-01-07 13:00:00,10.96,25.71,"ALERTE RISQUE"
"Toulouse - Port de l Embouchure Trafic","TOULOUSE","Urbaine",43.6103,1.41518,2026-01-06 12:00:00,1,"13:00",2026-01-06 13:00:00,32.05,41.16,"ALERTE RISQUE"
"Toulouse - Port de l Embouchure Trafic","TOULOUSE","Urbaine",43.6103,1.41518,2026-01-06 12:00:00,2,"14:00",2026-01-06 14:00:00,29.87,38.93,"ALERTE RISQUE"
"Toulouse - Port de l Embouchure Trafic","TOULOUSE","Urbaine",43.6103,1.41518,2026-01-06 12:00:00,3,"15:00",2026-01-06 15:00:00,27.56,36.57,"ALERTE RISQUE"
"Toulouse - Port de l Embouchure Trafic","TOULOUSE","Urbaine",43.6103,1.41518,2026-01-06 12:00:00,4,"16:00",2026-01-06 16:00:00,25.71,34.67,"ALERTE RISQUE"
"Toulouse - Port de l Embouchure Trafic","TOULOUSE","Urbaine",43.6103,1.41518,2026-01-06 12:00:00,5,"17:00",2026-01-06 17:00:00,25.28,34.2,"ALERTE RISQUE"
"Toulouse - Port de l Embouchure Trafic","TOULOUSE","Urbaine",43.6103,1.41518,2026-01-06 12:00:00,6,"18:00",2026-01-06 18:00:00,26.23,35.1,"ALERTE RISQUE"
"Toulouse - Port de l Embouchure Trafic","TOULOUSE","Urbaine",43.6103,1.41518,2026-01-06 12:00:00,7,"19:00",2026-01-06 19:00:00,28.26,37.09,"ALERTE RISQUE"
"Toulouse - Port de l Embouchure Trafic","TOULOUSE","Urbaine",43.6103,1.41518,2026-01-06 12:00:00,8,"20:00",2026-01-06 20:00:00,28.87,37.66,"ALERTE RISQUE"
"Toulouse - Port de l Embouchure Trafic","TOULOUSE","Urbaine",43.6103,1.41518,2026-01-06 12:00:00,9,"21:00",2026-01-06 21:00:00,28.55,37.3,"ALERTE RISQUE"
"Toulouse - Port de l Embouchure Trafic","TOULOUSE","Urbaine",43.6103,1.41518,2026-01-06 12:00:00,10,"22:00",2026-01-06 22:00:00,27.94,36.64,"ALERTE RISQUE"
"Toulouse - Port de l Embouchure Trafic","TOULOUSE","Urbaine",43.6103,1.41518,2026-01-06 12:00:00,11,"23:00",2026-01-06 23:00:00,26.39,35.06,"ALERTE RISQUE"
"Toulouse - Port de l Embouchure Trafic","TOULOUSE","Urbaine",43.6103,1.41518,2026-01-06 12:00:00,12,"00:00",2026-01-07,24.7,33.33,"ALERTE RISQUE"
"Toulouse - Port de l Embouchure Trafic","TOULOUSE","Urbaine",43.6103,1.41518,2026-01-06 12:00:00,13,"01:00",2026-01-07 01:00:00,22.73,31.31,"ALERTE RISQUE"
"Toulouse - Port de l Embouchure Trafic","TOULOUSE","Urbaine",43.6103,1.41518,2026-01-06 12:00:00,14,"02:00",2026-01-07 02:00:00,21.61,30.16,"ALERTE RISQUE"
"Toulouse - Port de l Embouchure Trafic","TOULOUSE","Urbaine",43.6103,1.41518,2026-01-06 12:00:00,15,"03:00",2026-01-07 03:00:00,19.88,28.39,"ALERTE RISQUE"
"Toulouse - Port de l Embouchure Trafic","TOULOUSE","Urbaine",43.6103,1.41518,2026-01-06 12:00:00,16,"04:00",2026-01-07 04:00:00,18.42,26.89,"ALERTE RISQUE"
"Toulouse - Port de l Embouchure Trafic","TOULOUSE","Urbaine",43.6103,1.41518,2026-01-06 12:00:00,17,"05:00",2026-01-07 05:00:00,17.1,25.54,"ALERTE RISQUE"
"Toulouse - Port de l Embouchure Trafic","TOULOUSE","Urbaine",43.6103,1.41518,2026-01-06 12:00:00,18,"06:00",2026-01-07 06:00:00,16.46,24.86,"Normal"
"Toulouse - Port de l Embouchure Trafic","TOULOUSE","Urbaine",43.6103,1.41518,2026-01-06 12:00:00,19,"07:00",2026-01-07 07:00:00,16.55,24.92,"Normal"
"Toulouse - Port de l Embouchure Trafic","TOULOUSE","Urbaine",43.6103,1.41518,2026-01-06 12:00:00,20,"08:00",2026-01-07 08:00:00,16.02,24.36,"Normal"
"Toulouse - Port de l Embouchure Trafic","TOULOUSE","Urbaine",43.6103,1.41518,2026-01-06 12:00:00,21,"09:00",2026-01-07 09:00:00,16.36,24.66,"Normal"
"Toulouse - Port de l Embouchure Trafic","TOULOUSE","Urbaine",43.6103,1.41518,2026-01-06 12:00:00,22,"10:00",2026-01-07 10:00:00,16.27,24.54,"Normal"
"Toulouse - Port de l Embouchure Trafic","TOULOUSE","Urbaine",43.6103,1.41518,2026-01-06 12:00:00,23,"11:00",2026-01-07 11:00:00,16.4,24.64,"Normal"
"Toulouse - Port de l Embouchure Trafic","TOULOUSE","Urbaine",43.6103,1.41518,2026-01-06 12:00:00,24,"12:00",2026-01-07 12:00:00,16.02,24.23,"Normal"
"Toulouse - Rte Albi Trafic","TOULOUSE","Urbaine",43.6431,1.46765,2026-01-06 12:00:00,1,"13:00",2026-01-06 13:00:00,33.89,44.43,"ALERTE RISQUE"
"Toulouse - Rte Albi Trafic","TOULOUSE","Urbaine",43.6431,1.46765,2026-01-06 12:00:00,2,"14:00",2026-01-06 14:00:00,31.31,41.87,"ALERTE RISQUE"
"Toulouse - Rte Albi Trafic","TOULOUSE","Urbaine",43.6431,1.46765,2026-01-06 12:00:00,3,"15:00",2026-01-06 15:00:00,29.03,39.59,"ALERTE RISQUE"
"Toulouse - Rte Albi Trafic","TOULOUSE","Urbaine",43.6431,1.46765,2026-01-06 12:00:00,4,"16:00",2026-01-06 16:00:00,27.82,38.4,"ALERTE RISQUE"
"Toulouse - Rte Albi Trafic","TOULOUSE","Urbaine",43.6431,1.46765,2026-01-06 12:00:00,5,"17:00",2026-01-06 17:00:00,27.69,38.28,"ALERTE RISQUE"
"Toulouse - Rte Albi Trafic","TOULOUSE","Urbaine",43.6431,1.46765,2026-01-06 12:00:00,6,"18:00",2026-01-06 18:00:00,28.77,39.37,"ALERTE RISQUE"
"Toulouse - Rte Albi Trafic","TOULOUSE","Urbaine",43.6431,1.46765,2026-01-06 12:00:00,7,"19:00",2026-01-06 19:00:00,31.68,42.3,"ALERTE RISQUE"
"Toulouse - Rte Albi Trafic","TOULOUSE","Urbaine",43.6431,1.46765,2026-01-06 12:00:00,8,"20:00",2026-01-06 20:00:00,34.67,45.29,"ALERTE RISQUE"
"Toulouse - Rte Albi Trafic","TOULOUSE","Urbaine",43.6431,1.46765,2026-01-06 12:00:00,9,"21:00",2026-01-06 21:00:00,33.16,43.8,"ALERTE RISQUE"
"Toulouse - Rte Albi Trafic","TOULOUSE","Urbaine",43.6431,1.46765,2026-01-06 12:00:00,10,"22:00",2026-01-06 22:00:00,31.42,42.07,"ALERTE RISQUE"
"Toulouse - Rte Albi Trafic","TOULOUSE","Urbaine",43.6431,1.46765,2026-01-06 12:00:00,11,"23:00",2026-01-06 23:00:00,29.71,40.37,"ALERTE RISQUE"
"Toulouse - Rte Albi Trafic","TOULOUSE","Urbaine",43.6431,1.46765,2026-01-06 12:00:00,12,"00:00",2026-01-07,27.89,38.56,"ALERTE RISQUE"
"Toulouse - Rte Albi Trafic","TOULOUSE","Urbaine",43.6431,1.46765,2026-01-06 12:00:00,13,"01:00",2026-01-07 01:00:00,25.99,36.68,"ALERTE RISQUE"
"Toulouse - Rte Albi Trafic","TOULOUSE","Urbaine",43.6431,1.46765,2026-01-06 12:00:00,14,"02:00",2026-01-07 02:00:00,23.9,34.59,"ALERTE RISQUE"
"Toulouse - Rte Albi Trafic","TOULOUSE","Urbaine",43.6431,1.46765,2026-01-06 12:00:00,15,"03:00",2026-01-07 03:00:00,22.03,32.74,"ALERTE RISQUE"
"Toulouse - Rte Albi Trafic","TOULOUSE","Urbaine",43.6431,1.46765,2026-01-06 12:00:00,16,"04:00",2026-01-07 04:00:00,20.68,31.39,"ALERTE RISQUE"
"Toulouse - Rte Albi Trafic","TOULOUSE","Urbaine",43.6431,1.46765,2026-01-06 12:00:00,17,"05:00",2026-01-07 05:00:00,19.34,30.06,"ALERTE RISQUE"
"Toulouse - Rte Albi Trafic","TOULOUSE","Urbaine",43.6431,1.46765,2026-01-06 12:00:00,18,"06:00",2026-01-07 06:00:00,17.56,28.3,"ALERTE RISQUE"
"Toulouse - Rte Albi Trafic","TOULOUSE","Urbaine",43.6431,1.46765,2026-01-06 12:00:00,19,"07:00",2026-01-07 07:00:00,17.25,27.99,"ALERTE RISQUE"
"Toulouse - Rte Albi Trafic","TOULOUSE","Urbaine",43.6431,1.46765,2026-01-06 12:00:00,20,"08:00",2026-01-07 08:00:00,16.79,27.55,"ALERTE RISQUE"
"Toulouse - Rte Albi Trafic","TOULOUSE","Urbaine",43.6431,1.46765,2026-01-06 12:00:00,21,"09:00",2026-01-07 09:00:00,16.9,27.67,"ALERTE RISQUE"
"Toulouse - Rte Albi Trafic","TOULOUSE","Urbaine",43.6431,1.46765,2026-01-06 12:00:00,22,"10:00",2026-01-07 10:00:00,16.98,27.76,"ALERTE RISQUE"
"Toulouse - Rte Albi Trafic","TOULOUSE","Urbaine",43.6431,1.46765,2026-01-06 12:00:00,23,"11:00",2026-01-07 11:00:00,16.47,27.26,"ALERTE RISQUE"
"Toulouse - Rte Albi Trafic","TOULOUSE","Urbaine",43.6431,1.46765,2026-01-06 12:00:00,24,"12:00",2026-01-07 12:00:00,15.98,26.78,"ALERTE RISQUE"
"Toulouse Arcole trafic","TOULOUSE","Urbaine",43.6106,1.4429,2026-01-06 12:00:00,1,"13:00",2026-01-06 13:00:00,28.02,37.45,"ALERTE RISQUE"
"Toulouse Arcole trafic","TOULOUSE","Urbaine",43.6106,1.4429,2026-01-06 12:00:00,2,"14:00",2026-01-06 14:00:00,26.46,35.75,"ALERTE RISQUE"
"Toulouse Arcole trafic","TOULOUSE","Urbaine",43.6106,1.4429,2026-01-06 12:00:00,3,"15:00",2026-01-06 15:00:00,24.3,33.47,"ALERTE RISQUE"
"Toulouse Arcole trafic","TOULOUSE","Urbaine",43.6106,1.4429,2026-01-06 12:00:00,4,"16:00",2026-01-06 16:00:00,23.65,32.7,"ALERTE RISQUE"
"Toulouse Arcole trafic","TOULOUSE","Urbaine",43.6106,1.4429,2026-01-06 12:00:00,5,"17:00",2026-01-06 17:00:00,24.21,33.15,"ALERTE RISQUE"
"Toulouse Arcole trafic","TOULOUSE","Urbaine",43.6106,1.4429,2026-01-06 12:00:00,6,"18:00",2026-01-06 18:00:00,24.85,33.68,"ALERTE RISQUE"
"Toulouse Arcole trafic","TOULOUSE","Urbaine",43.6106,1.4429,2026-01-06 12:00:00,7,"19:00",2026-01-06 19:00:00,26.97,35.69,"ALERTE RISQUE"
"Toulouse Arcole trafic","TOULOUSE","Urbaine",43.6106,1.4429,2026-01-06 12:00:00,8,"20:00",2026-01-06 20:00:00,26.87,35.49,"ALERTE RISQUE"
"Toulouse Arcole trafic","TOULOUSE","Urbaine",43.6106,1.4429,2026-01-06 12:00:00,9,"21:00",2026-01-06 21:00:00,28.33,36.85,"ALERTE RISQUE"
"Toulouse Arcole trafic","TOULOUSE","Urbaine",43.6106,1.4429,2026-01-06 12:00:00,10,"22:00",2026-01-06 22:00:00,26.86,35.29,"ALERTE RISQUE"
"Toulouse Arcole trafic","TOULOUSE","Urbaine",43.6106,1.4429,2026-01-06 12:00:00,11,"23:00",2026-01-06 23:00:00,25.53,33.88,"ALERTE RISQUE"
"Toulouse Arcole trafic","TOULOUSE","Urbaine",43.6106,1.4429,2026-01-06 12:00:00,12,"00:00",2026-01-07,24.43,32.69,"ALERTE RISQUE"
"Toulouse Arcole trafic","TOULOUSE","Urbaine",43.6106,1.4429,2026-01-06 12:00:00,13,"01:00",2026-01-07 01:00:00,21.87,30.05,"ALERTE RISQUE"
"Toulouse Arcole trafic","TOULOUSE","Urbaine",43.6106,1.4429,2026-01-06 12:00:00,14,"02:00",2026-01-07 02:00:00,20.83,28.93,"ALERTE RISQUE"
"Toulouse Arcole trafic","TOULOUSE","Urbaine",43.6106,1.4429,2026-01-06 12:00:00,15,"03:00",2026-01-07 03:00:00,19.41,27.44,"ALERTE RISQUE"
"Toulouse Arcole trafic","TOULOUSE","Urbaine",43.6106,1.4429,2026-01-06 12:00:00,16,"04:00",2026-01-07 04:00:00,18.35,26.31,"ALERTE RISQUE"
"Toulouse Arcole trafic","TOULOUSE","Urbaine",43.6106,1.4429,2026-01-06 12:00:00,17,"05:00",2026-01-07 05:00:00,17.27,25.16,"ALERTE RISQUE"
"Toulouse Arcole trafic","TOULOUSE","Urbaine",43.6106,1.4429,2026-01-06 12:00:00,18,"06:00",2026-01-07 06:00:00,15.96,23.79,"Normal"
"Toulouse Arcole trafic","TOULOUSE","Urbaine",43.6106,1.4429,2026-01-06 12:00:00,19,"07:00",2026-01-07 07:00:00,15.76,23.52,"Normal"
"Toulouse Arcole trafic","TOULOUSE","Urbaine",43.6106,1.4429,2026-01-06 12:00:00,20,"08:00",2026-01-07 08:00:00,16.27,23.98,"Normal"
"Toulouse Arcole trafic","TOULOUSE","Urbaine",43.6106,1.4429,2026-01-06 12:00:00,21,"09:00",2026-01-07 09:00:00,16.49,24.14,"Normal"
"Toulouse Arcole trafic","TOULOUSE","Urbaine",43.6106,1.4429,2026-01-06 12:00:00,22,"10:00",2026-01-07 10:00:00,16.77,24.37,"Normal"
"Toulouse Arcole trafic","TOULOUSE","Urbaine",43.6106,1.4429,2026-01-06 12:00:00,23,"11:00",2026-01-07 11:00:00,16.1,23.65,"Normal"
"Toulouse Arcole trafic","TOULOUSE","Urbaine",43.6106,1.4429,2026-01-06 12:00:00,24,"12:00",2026-01-07 12:00:00,15.38,22.88,"Normal"
"Toulouse-Berthelot Urbain","TOULOUSE","Urbaine",43.5873,1.44403,2026-01-06 13:00:00,1,"14:00",2026-01-06 14:00:00,33.04,43.78,"ALERTE RISQUE"
"Toulouse-Berthelot Urbain","TOULOUSE","Urbaine",43.5873,1.44403,2026-01-06 13:00:00,2,"15:00",2026-01-06 15:00:00,30.88,41.65,"ALERTE RISQUE"
"Toulouse-Berthelot Urbain","TOULOUSE","Urbaine",43.5873,1.44403,2026-01-06 13:00:00,3,"16:00",2026-01-06 16:00:00,28.59,39.39,"ALERTE RISQUE"
"Toulouse-Berthelot Urbain","TOULOUSE","Urbaine",43.5873,1.44403,2026-01-06 13:00:00,4,"17:00",2026-01-06 17:00:00,28.07,38.9,"ALERTE RISQUE"
"Toulouse-Berthelot Urbain","TOULOUSE","Urbaine",43.5873,1.44403,2026-01-06 13:00:00,5,"18:00",2026-01-06 18:00:00,28.49,39.35,"ALERTE RISQUE"
"Toulouse-Berthelot Urbain","TOULOUSE","Urbaine",43.5873,1.44403,2026-01-06 13:00:00,6,"19:00",2026-01-06 19:00:00,28.92,39.8,"ALERTE RISQUE"
"Toulouse-Berthelot Urbain","TOULOUSE","Urbaine",43.5873,1.44403,2026-01-06 13:00:00,7,"20:00",2026-01-06 20:00:00,29.72,40.64,"ALERTE RISQUE"
"Toulouse-Berthelot Urbain","TOULOUSE","Urbaine",43.5873,1.44403,2026-01-06 13:00:00,8,"21:00",2026-01-06 21:00:00,30.43,41.38,"ALERTE RISQUE"
"Toulouse-Berthelot Urbain","TOULOUSE","Urbaine",43.5873,1.44403,2026-01-06 13:00:00,9,"22:00",2026-01-06 22:00:00,29.9,40.87,"ALERTE RISQUE"
"Toulouse-Berthelot Urbain","TOULOUSE","Urbaine",43.5873,1.44403,2026-01-06 13:00:00,10,"23:00",2026-01-06 23:00:00,29.08,40.08,"ALERTE RISQUE"
"Toulouse-Berthelot Urbain","TOULOUSE","Urbaine",43.5873,1.44403,2026-01-06 13:00:00,11,"00:00",2026-01-07,28.01,39.03,"ALERTE RISQUE"
"Toulouse-Berthelot Urbain","TOULOUSE","Urbaine",43.5873,1.44403,2026-01-06 13:00:00,12,"01:00",2026-01-07 01:00:00,25.91,36.97,"ALERTE RISQUE"
"Toulouse-Berthelot Urbain","TOULOUSE","Urbaine",43.5873,1.44403,2026-01-06 13:00:00,13,"02:00",2026-01-07 02:00:00,24.35,35.44,"ALERTE RISQUE"
"Toulouse-Berthelot Urbain","TOULOUSE","Urbaine",43.5873,1.44403,2026-01-06 13:00:00,14,"03:00",2026-01-07 03:00:00,23.15,34.26,"ALERTE RISQUE"
"Toulouse-Berthelot Urbain","TOULOUSE","Urbaine",43.5873,1.44403,2026-01-06 13:00:00,15,"04:00",2026-01-07 04:00:00,22,33.14,"ALERTE RISQUE"
"Toulouse-Berthelot Urbain","TOULOUSE","Urbaine",43.5873,1.44403,2026-01-06 13:00:00,16,"05:00",2026-01-07 05:00:00,19.45,30.62,"ALERTE RISQUE"
"Toulouse-Berthelot Urbain","TOULOUSE","Urbaine",43.5873,1.44403,2026-01-06 13:00:00,17,"06:00",2026-01-07 06:00:00,17.95,29.14,"ALERTE RISQUE"
"Toulouse-Berthelot Urbain","TOULOUSE","Urbaine",43.5873,1.44403,2026-01-06 13:00:00,18,"07:00",2026-01-07 07:00:00,17.11,28.33,"ALERTE RISQUE"
"Toulouse-Berthelot Urbain","TOULOUSE","Urbaine",43.5873,1.44403,2026-01-06 13:00:00,19,"08:00",2026-01-07 08:00:00,16.53,27.78,"ALERTE RISQUE"
"Toulouse-Berthelot Urbain","TOULOUSE","Urbaine",43.5873,1.44403,2026-01-06 13:00:00,20,"09:00",2026-01-07 09:00:00,16.62,27.89,"ALERTE RISQUE"
"Toulouse-Berthelot Urbain","TOULOUSE","Urbaine",43.5873,1.44403,2026-01-06 13:00:00,21,"10:00",2026-01-07 10:00:00,16.51,27.82,"ALERTE RISQUE"
"Toulouse-Berthelot Urbain","TOULOUSE","Urbaine",43.5873,1.44403,2026-01-06 13:00:00,22,"11:00",2026-01-07 11:00:00,15.97,27.3,"ALERTE RISQUE"
"Toulouse-Berthelot Urbain","TOULOUSE","Urbaine",43.5873,1.44403,2026-01-06 13:00:00,23,"12:00",2026-01-07 12:00:00,15.9,27.25,"ALERTE RISQUE"
"Toulouse-Berthelot Urbain","TOULOUSE","Urbaine",43.5873,1.44403,2026-01-06 13:00:00,24,"13:00",2026-01-07 13:00:00,15.04,26.42,"ALERTE RISQUE"
"Toulouse-Jacquier Urbain","TOULOUSE","Urbaine",43.5757,1.41807,2026-01-06 13:00:00,1,"14:00",2026-01-06 14:00:00,39.08,48.37,"ALERTE RISQUE"
"Toulouse-Jacquier Urbain","TOULOUSE","Urbaine",43.5757,1.41807,2026-01-06 13:00:00,2,"15:00",2026-01-06 15:00:00,37.04,46.48,"ALERTE RISQUE"
"Toulouse-Jacquier Urbain","TOULOUSE","Urbaine",43.5757,1.41807,2026-01-06 13:00:00,3,"16:00",2026-01-06 16:00:00,34.37,43.95,"ALERTE RISQUE"
"Toulouse-Jacquier Urbain","TOULOUSE","Urbaine",43.5757,1.41807,2026-01-06 13:00:00,4,"17:00",2026-01-06 17:00:00,33.97,43.69,"ALERTE RISQUE"
"Toulouse-Jacquier Urbain","TOULOUSE","Urbaine",43.5757,1.41807,2026-01-06 13:00:00,5,"18:00",2026-01-06 18:00:00,36.26,46.13,"ALERTE RISQUE"
"Toulouse-Jacquier Urbain","TOULOUSE","Urbaine",43.5757,1.41807,2026-01-06 13:00:00,6,"19:00",2026-01-06 19:00:00,37.45,47.46,"ALERTE RISQUE"
"Toulouse-Jacquier Urbain","TOULOUSE","Urbaine",43.5757,1.41807,2026-01-06 13:00:00,7,"20:00",2026-01-06 20:00:00,36.38,46.53,"ALERTE RISQUE"
"Toulouse-Jacquier Urbain","TOULOUSE","Urbaine",43.5757,1.41807,2026-01-06 13:00:00,8,"21:00",2026-01-06 21:00:00,35.87,46.15,"ALERTE RISQUE"
"Toulouse-Jacquier Urbain","TOULOUSE","Urbaine",43.5757,1.41807,2026-01-06 13:00:00,9,"22:00",2026-01-06 22:00:00,35.41,45.83,"ALERTE RISQUE"
"Toulouse-Jacquier Urbain","TOULOUSE","Urbaine",43.5757,1.41807,2026-01-06 13:00:00,10,"23:00",2026-01-06 23:00:00,34.3,44.84,"ALERTE RISQUE"
"Toulouse-Jacquier Urbain","TOULOUSE","Urbaine",43.5757,1.41807,2026-01-06 13:00:00,11,"00:00",2026-01-07,32.28,42.95,"ALERTE RISQUE"
"Toulouse-Jacquier Urbain","TOULOUSE","Urbaine",43.5757,1.41807,2026-01-06 13:00:00,12,"01:00",2026-01-07 01:00:00,29.83,40.63,"ALERTE RISQUE"
"Toulouse-Jacquier Urbain","TOULOUSE","Urbaine",43.5757,1.41807,2026-01-06 13:00:00,13,"02:00",2026-01-07 02:00:00,28.47,39.39,"ALERTE RISQUE"
"Toulouse-Jacquier Urbain","TOULOUSE","Urbaine",43.5757,1.41807,2026-01-06 13:00:00,14,"03:00",2026-01-07 03:00:00,26.33,37.38,"ALERTE RISQUE"
"Toulouse-Jacquier Urbain","TOULOUSE","Urbaine",43.5757,1.41807,2026-01-06 13:00:00,15,"04:00",2026-01-07 04:00:00,24.76,35.93,"ALERTE RISQUE"
"Toulouse-Jacquier Urbain","TOULOUSE","Urbaine",43.5757,1.41807,2026-01-06 13:00:00,16,"05:00",2026-01-07 05:00:00,23.09,34.38,"ALERTE RISQUE"
"Toulouse-Jacquier Urbain","TOULOUSE","Urbaine",43.5757,1.41807,2026-01-06 13:00:00,17,"06:00",2026-01-07 06:00:00,21.61,33.02,"ALERTE RISQUE"
"Toulouse-Jacquier Urbain","TOULOUSE","Urbaine",43.5757,1.41807,2026-01-06 13:00:00,18,"07:00",2026-01-07 07:00:00,20.79,32.33,"ALERTE RISQUE"
"Toulouse-Jacquier Urbain","TOULOUSE","Urbaine",43.5757,1.41807,2026-01-06 13:00:00,19,"08:00",2026-01-07 08:00:00,20.16,31.81,"ALERTE RISQUE"
"Toulouse-Jacquier Urbain","TOULOUSE","Urbaine",43.5757,1.41807,2026-01-06 13:00:00,20,"09:00",2026-01-07 09:00:00,20.35,32.11,"ALERTE RISQUE"
"Toulouse-Jacquier Urbain","TOULOUSE","Urbaine",43.5757,1.41807,2026-01-06 13:00:00,21,"10:00",2026-01-07 10:00:00,19.53,31.41,"ALERTE RISQUE"
"Toulouse-Jacquier Urbain","TOULOUSE","Urbaine",43.5757,1.41807,2026-01-06 13:00:00,22,"11:00",2026-01-07 11:00:00,18.94,30.93,"ALERTE RISQUE"
"Toulouse-Jacquier Urbain","TOULOUSE","Urbaine",43.5757,1.41807,2026-01-06 13:00:00,23,"12:00",2026-01-07 12:00:00,19.23,31.33,"ALERTE RISQUE"
"Toulouse-Jacquier Urbain","TOULOUSE","Urbaine",43.5757,1.41807,2026-01-06 13:00:00,24,"13:00",2026-01-07 13:00:00,17.98,30.2,"ALERTE RISQUE"
"Toulouse-Mazades Urbain","TOULOUSE","Urbaine",43.6236,1.43861,2026-01-06 13:00:00,1,"14:00",2026-01-06 14:00:00,42.07,60.41,"ALERTE RISQUE"
"Toulouse-Mazades Urbain","TOULOUSE","Urbaine",43.6236,1.43861,2026-01-06 13:00:00,2,"15:00",2026-01-06 15:00:00,38.25,56.61,"ALERTE RISQUE"
"Toulouse-Mazades Urbain","TOULOUSE","Urbaine",43.6236,1.43861,2026-01-06 13:00:00,3,"16:00",2026-01-06 16:00:00,35.67,54.04,"ALERTE RISQUE"
"Toulouse-Mazades Urbain","TOULOUSE","Urbaine",43.6236,1.43861,2026-01-06 13:00:00,4,"17:00",2026-01-06 17:00:00,34.86,53.25,"ALERTE RISQUE"
"Toulouse-Mazades Urbain","TOULOUSE","Urbaine",43.6236,1.43861,2026-01-06 13:00:00,5,"18:00",2026-01-06 18:00:00,34.67,53.07,"ALERTE RISQUE"
"Toulouse-Mazades Urbain","TOULOUSE","Urbaine",43.6236,1.43861,2026-01-06 13:00:00,6,"19:00",2026-01-06 19:00:00,35.51,53.92,"ALERTE RISQUE"
"Toulouse-Mazades Urbain","TOULOUSE","Urbaine",43.6236,1.43861,2026-01-06 13:00:00,7,"20:00",2026-01-06 20:00:00,35.48,53.9,"ALERTE RISQUE"
"Toulouse-Mazades Urbain","TOULOUSE","Urbaine",43.6236,1.43861,2026-01-06 13:00:00,8,"21:00",2026-01-06 21:00:00,36.16,54.6,"ALERTE RISQUE"
"Toulouse-Mazades Urbain","TOULOUSE","Urbaine",43.6236,1.43861,2026-01-06 13:00:00,9,"22:00",2026-01-06 22:00:00,35.02,53.47,"ALERTE RISQUE"
"Toulouse-Mazades Urbain","TOULOUSE","Urbaine",43.6236,1.43861,2026-01-06 13:00:00,10,"23:00",2026-01-06 23:00:00,32.76,51.22,"ALERTE RISQUE"
"Toulouse-Mazades Urbain","TOULOUSE","Urbaine",43.6236,1.43861,2026-01-06 13:00:00,11,"00:00",2026-01-07,31.17,49.65,"ALERTE RISQUE"
"Toulouse-Mazades Urbain","TOULOUSE","Urbaine",43.6236,1.43861,2026-01-06 13:00:00,12,"01:00",2026-01-07 01:00:00,28.08,46.56,"ALERTE RISQUE"
"Toulouse-Mazades Urbain","TOULOUSE","Urbaine",43.6236,1.43861,2026-01-06 13:00:00,13,"02:00",2026-01-07 02:00:00,25.96,44.46,"ALERTE RISQUE"
"Toulouse-Mazades Urbain","TOULOUSE","Urbaine",43.6236,1.43861,2026-01-06 13:00:00,14,"03:00",2026-01-07 03:00:00,24.76,43.28,"ALERTE RISQUE"
"Toulouse-Mazades Urbain","TOULOUSE","Urbaine",43.6236,1.43861,2026-01-06 13:00:00,15,"04:00",2026-01-07 04:00:00,23.14,41.67,"ALERTE RISQUE"
"Toulouse-Mazades Urbain","TOULOUSE","Urbaine",43.6236,1.43861,2026-01-06 13:00:00,16,"05:00",2026-01-07 05:00:00,21.74,40.28,"ALERTE RISQUE"
"Toulouse-Mazades Urbain","TOULOUSE","Urbaine",43.6236,1.43861,2026-01-06 13:00:00,17,"06:00",2026-01-07 06:00:00,19.23,37.78,"ALERTE RISQUE"
"Toulouse-Mazades Urbain","TOULOUSE","Urbaine",43.6236,1.43861,2026-01-06 13:00:00,18,"07:00",2026-01-07 07:00:00,18.03,36.59,"ALERTE RISQUE"
"Toulouse-Mazades Urbain","TOULOUSE","Urbaine",43.6236,1.43861,2026-01-06 13:00:00,19,"08:00",2026-01-07 08:00:00,17.83,36.4,"ALERTE RISQUE"
"Toulouse-Mazades Urbain","TOULOUSE","Urbaine",43.6236,1.43861,2026-01-06 13:00:00,20,"09:00",2026-01-07 09:00:00,17.62,36.21,"ALERTE RISQUE"
"Toulouse-Mazades Urbain","TOULOUSE","Urbaine",43.6236,1.43861,2026-01-06 13:00:00,21,"10:00",2026-01-07 10:00:00,17.43,36.03,"ALERTE RISQUE"
"Toulouse-Mazades Urbain","TOULOUSE","Urbaine",43.6236,1.43861,2026-01-06 13:00:00,22,"11:00",2026-01-07 11:00:00,16.7,35.32,"ALERTE RISQUE"
"Toulouse-Mazades Urbain","TOULOUSE","Urbaine",43.6236,1.43861,2026-01-06 13:00:00,23,"12:00",2026-01-07 12:00:00,16,34.62,"ALERTE RISQUE"
"Toulouse-Mazades Urbain","TOULOUSE","Urbaine",43.6236,1.43861,2026-01-06 13:00:00,24,"13:00",2026-01-07 13:00:00,16.01,34.65,"ALERTE RISQUE"
